Date,TAVG,TMAX,TMIN
2024-01-01,29.4,35.4,25.0
2024-01-02,28.9,35.8,
2024-01-03,29.3,35.0,
2024-01-04,29.2,35.0,
2024-01-05,28.9,,25.6
2024-01-06,30.4,34.8,
2024-01-07,29.5,35.2,25.6
2024-01-08,29.4,35.2,25.7
2024-01-09,29.1,35.0,26.0
2024-01-10,29.0,34.2,25.1
2024-01-11,29.3,,
2024-01-12,29.8,36.2,
2024-01-13,29.8,35.8,25.5
2024-01-14,29.3,34.1,25.8
2024-01-15,29.4,35.7,25.5
2024-01-16,29.6,,25.5
2024-01-17,30.4,,
2024-01-18,28.2,,24.0
2024-01-19,28.4,34.5,
2024-01-20,29.4,,
2024-01-21,31.3,35.8,
2024-01-22,29.3,,25.5
2024-01-23,29.6,35.6,25.0
2024-01-24,29.9,35.1,25.5
2024-01-25,29.5,,25.1
2024-01-26,28.8,35.4,23.7
2024-01-27,28.1,35.5,
2024-01-28,28.4,35.2,23.0
2024-01-29,28.7,36.2,23.5
2024-01-30,29.3,36.4,24.5
2024-01-31,29.3,35.7,
2024-02-01,29.4,,24.6
2024-02-02,29.5,35.3,26.0
2024-02-03,28.9,35.4,23.5
2024-02-04,29.0,36.0,23.1
2024-02-05,28.7,37.0,23.0
2024-02-06,28.6,36.0,
2024-02-07,28.8,35.6,22.5
2024-02-08,29.0,37.1,
2024-02-09,28.6,,24.2
2024-02-10,30.1,35.8,
2024-02-11,29.9,36.0,26.8
2024-02-12,30.1,35.5,27.0
2024-02-13,30.8,36.6,27.5
2024-02-14,31.2,36.7,
2024-02-15,29.8,,27.0
2024-02-16,30.3,36.0,25.8
2024-02-17,30.3,36.2,26.0
2024-02-18,30.3,35.7,27.0
2024-02-19,30.3,,
2024-02-20,28.6,,
2024-02-21,29.5,36.0,24.2
2024-02-22,27.3,31.8,
2024-02-23,29.1,33.0,
2024-02-24,28.6,,24.1
2024-02-25,29.4,,25.0
2024-02-26,30.2,,26.5
2024-02-27,30.0,34.8,
2024-02-28,29.8,,26.5
2024-02-29,30.2,,26.8
2024-03-01,29.7,,
2024-03-02,30.2,35.5,26.5
2024-03-03,29.8,,25.5
2024-03-04,29.7,35.2,25.3
2024-03-05,29.5,,26.5
2024-03-06,30.1,35.0,
2024-03-07,29.1,,
2024-03-08,29.0,34.6,25.8
2024-03-09,26.7,34.6,
2024-03-10,29.4,35.0,25.0
2024-03-11,29.7,,
2024-03-12,29.7,,
2024-03-13,29.9,34.2,
2024-03-14,28.2,,
2024-03-15,30.8,,25.6
2024-03-16,30.9,,
2024-03-17,30.9,35.2,
2024-03-18,30.1,35.4,
2024-03-19,28.1,,24.8
2024-03-20,30.8,,
2024-03-21,31.1,,
2024-03-22,29.4,35.0,
2024-03-23,28.9,,24.5
2024-03-24,30.3,,
2024-03-25,29.8,35.0,
2024-03-26,27.5,34.5,24.7
2024-03-27,31.5,,
2024-04-01,29.7,,
2024-04-02,27.4,,
2024-04-03,28.0,,
2024-04-04,30.2,35.4,25.0
2024-04-05,30.5,35.0,27.5
2024-04-06,29.6,32.7,
2024-04-07,30.4,36.4,25.0
2024-04-08,29.2,,
2024-04-09,30.2,34.3,
2024-04-10,30.2,36.0,26.8
2024-04-11,30.3,36.0,26.0
2024-04-12,30.2,,
2024-04-13,30.9,35.2,
2024-04-14,28.2,30.0,27.0
2024-04-15,30.7,,25.6
2024-04-16,29.2,33.0,26.2
2024-04-17,29.0,34.1,
2024-04-18,29.7,35.6,26.7
2024-04-19,31.3,35.4,27.5
2024-04-20,31.6,35.6,
2024-04-21,27.6,32.5,
2024-04-22,28.6,,22.5
2024-04-23,27.5,,
2024-04-24,28.9,,25.5
2024-04-25,30.2,,
2024-04-26,30.8,35.0,
2024-04-27,30.3,35.5,27.0
2024-04-28,30.7,35.2,27.4
2024-04-29,30.8,35.0,27.5
2024-04-30,31.0,35.4,27.5
2024-05-02,29.8,,25.5
2024-05-03,26.6,30.5,
2024-05-04,28.2,,22.5
2024-05-05,30.6,35.2,26.7
2024-05-06,28.0,32.5,23.5
2024-05-07,28.9,,24.5
2024-05-08,29.8,,
2024-05-09,30.0,34.5,26.6
2024-05-10,30.1,33.8,27.0
2024-05-11,27.3,32.2,
2024-05-12,28.6,33.7,23.5
2024-05-13,29.3,,26.0
2024-05-14,26.2,,23.6
2024-05-15,30.3,34.7,25.0
2024-05-16,26.1,29.0,
2024-05-17,28.7,34.0,22.6
2024-05-18,28.9,33.0,24.0
2024-05-19,28.3,34.5,
2024-05-20,30.3,,26.6
2024-05-21,30.6,35.3,27.1
2024-05-22,27.3,31.2,22.5
2024-05-23,29.0,33.5,24.0
2024-05-24,28.4,34.2,
2024-05-25,26.6,30.4,23.2
2024-05-26,28.4,33.0,24.0
2024-05-27,29.1,,25.0
2024-05-28,29.3,33.0,26.1
2024-05-29,29.6,33.5,
2024-05-30,28.5,,26.0
2024-05-31,26.7,29.6,
2024-06-01,28.7,,24.4
2024-06-02,25.9,,
2024-06-03,27.9,32.5,23.3
2024-06-04,28.9,32.4,
2024-06-05,28.5,32.5,
2024-06-06,27.0,,
2024-06-07,27.2,31.9,22.1
2024-06-08,27.4,30.3,25.4
2024-06-09,27.5,31.5,25.0
2024-06-10,28.3,32.5,25.2
2024-06-11,27.2,30.5,
2024-06-12,27.2,,23.0
2024-06-13,28.1,31.0,25.0
2024-06-14,26.3,27.4,
2024-06-15,26.8,30.7,23.0
2024-06-17,28.1,31.5,24.1
2024-06-18,27.3,31.2,24.5
2024-06-19,28.7,32.5,
2024-06-20,28.0,,
2024-06-21,26.6,31.0,
2024-06-22,27.2,31.8,23.6
2024-06-23,28.1,31.3,25.0
2024-06-24,26.3,31.2,
2024-06-25,25.6,28.0,23.5
2024-06-26,26.7,31.0,22.5
2024-06-27,26.6,32.0,22.5
2024-06-28,28.2,,
2024-06-29,27.0,,23.5
2024-06-30,27.9,31.5,24.3
2024-07-01,27.9,,24.5
2024-07-02,26.3,28.0,
2024-07-03,24.9,,22.9
2024-07-04,26.8,,23.5
2024-07-05,27.6,30.0,23.5
2024-07-06,27.4,31.0,24.5
2024-07-07,27.5,30.7,24.6
2024-07-08,26.3,27.6,25.0
2024-07-09,26.9,30.3,
2024-07-10,26.4,,24.7
2024-07-11,25.4,,
2024-07-12,26.2,,23.9
2024-07-13,26.7,,24.9
2024-07-14,26.7,29.5,24.5
2024-07-15,26.9,29.3,24.6
2024-07-16,25.8,27.7,
2024-07-17,26.1,27.5,
2024-07-18,26.3,29.1,24.6
2024-07-19,26.4,28.5,24.5
2024-07-20,25.8,28.0,24.2
2024-07-21,25.9,28.4,24.0
2024-07-22,26.1,30.0,23.7
2024-07-23,26.0,29.0,23.9
2024-07-24,26.2,29.6,23.0
2024-07-25,26.6,,23.8
2024-07-26,26.3,29.5,24.0
2024-07-27,25.6,29.0,23.5
2024-07-28,26.2,30.0,23.7
2024-07-29,26.2,28.4,24.0
2024-07-30,26.9,29.5,24.0
2024-07-31,26.0,28.2,
2024-08-01,26.1,,24.0
2024-08-02,26.3,29.7,23.5
2024-08-03,27.1,,
2024-08-04,26.9,30.5,23.1
2024-08-05,26.2,30.3,23.0
2024-08-06,26.3,29.5,23.5
2024-08-07,26.2,29.4,23.6
2024-08-08,25.5,28.0,24.0
2024-08-09,26.9,,22.5
2024-08-10,26.7,31.1,23.5
2024-08-11,27.2,31.2,
2024-08-12,25.0,,
2024-08-13,26.7,31.0,24.5
2024-08-14,27.3,31.0,24.5
2024-08-15,26.0,29.0,23.5
2024-08-16,26.2,,23.8
2024-08-17,26.9,31.2,23.8
2024-08-18,26.8,30.6,
2024-08-19,25.7,,24.0
2024-08-20,26.3,31.4,
2024-08-21,26.2,30.4,23.6
2024-08-22,26.3,30.7,23.6
2024-08-23,25.5,28.0,
2024-08-24,26.1,29.0,23.5
2024-08-25,26.1,29.0,23.9
2024-08-26,25.6,,21.6
2024-08-27,25.8,29.5,23.8
2024-08-28,26.0,29.4,23.5
2024-08-29,26.5,29.0,23.5
2024-08-30,25.6,,24.0
2024-08-31,26.3,,23.2
2024-09-01,26.3,31.0,22.3
2024-09-02,26.6,,23.8
2024-09-03,26.8,30.5,22.8
2024-09-04,26.7,31.1,23.0
2024-09-05,26.6,31.6,23.1
2024-09-06,26.6,31.3,23.5
2024-09-07,25.9,29.4,
2024-09-08,27.4,31.8,23.0
2024-09-09,27.5,32.0,
2024-09-10,26.5,31.0,24.1
2024-09-11,27.3,31.7,24.3
2024-09-12,26.6,29.0,25.0
2024-09-13,25.9,,24.6
2024-09-14,26.4,29.3,23.5
2024-09-15,27.2,,23.5
2024-09-16,27.2,30.4,24.5
2024-09-17,27.1,31.0,24.5
2024-09-18,26.9,32.0,23.5
2024-09-19,26.9,31.5,24.5
2024-09-20,26.7,31.1,
2024-09-21,26.3,30.2,
2024-09-22,27.3,31.6,24.5
2024-09-23,28.2,32.5,24.0
2024-09-24,27.2,31.5,24.5
2024-09-25,25.3,26.1,
2024-09-26,26.4,31.0,23.5
2024-09-27,26.7,32.0,22.2
2024-09-28,27.2,,24.5
2024-09-29,27.0,30.5,
2024-09-30,26.6,,
2024-10-01,27.3,31.6,
2024-10-02,27.6,31.8,24.3
2024-10-03,26.4,29.2,
2024-10-04,25.9,,23.5
2024-10-05,27.3,,
2024-10-06,27.0,,23.8
2024-10-07,26.5,,24.7
2024-10-08,25.7,,
2024-10-09,27.1,,
2024-10-10,27.8,31.5,23.7
2024-10-11,27.8,,24.8
2024-10-12,27.0,30.0,23.0
2024-10-13,25.5,28.5,22.2
2024-10-14,25.7,29.2,
2024-10-15,27.4,32.2,
2024-10-16,27.0,31.5,24.3
2024-10-17,25.6,28.0,
2024-10-18,26.9,31.5,
2024-10-19,27.3,,24.3
2024-10-20,27.3,32.3,24.5
2024-10-21,27.4,,24.5
2024-10-22,25.6,29.5,
2024-10-23,27.1,32.0,22.0
2024-10-24,28.2,,24.5
2024-10-25,26.8,,
2024-10-26,27.1,33.2,23.0
2024-10-27,28.3,33.4,22.9
2024-10-28,26.8,32.0,
2024-10-29,26.4,,
2024-10-30,27.5,32.3,23.8
2024-10-31,28.6,33.2,24.6
2024-11-01,27.7,33.2,
2024-11-02,28.2,,25.5
2024-11-03,28.3,34.2,24.5
2024-11-04,25.9,,22.3
2024-11-05,28.8,,24.5
2024-11-06,27.0,32.6,24.6
2024-11-07,28.2,33.3,25.3
2024-11-08,28.7,34.4,24.3
2024-11-09,28.2,33.4,24.5
2024-11-10,27.4,33.4,21.8
2024-11-11,27.8,33.4,
2024-11-12,28.1,33.2,24.4
2024-11-13,28.8,,24.0
2024-11-14,28.7,34.3,25.6
2024-11-15,28.3,33.6,23.6
2024-11-16,28.8,34.8,25.0
2024-11-17,27.7,32.0,25.0
2024-11-22,28.2,33.6,25.0
2024-11-23,28.1,34.2,25.0
2024-11-24,28.4,,24.2
2024-11-25,28.6,,24.0
2024-11-26,28.7,34.1,24.5
2024-11-27,28.7,34.6,
2024-11-28,28.4,34.2,24.5
2024-11-29,28.2,34.5,23.0
2024-11-30,28.7,35.5,22.0
2024-12-02,28.3,,21.0
2024-12-03,29.8,,
2024-12-04,29.1,34.2,
2024-12-05,28.4,33.2,24.9
2024-12-06,27.9,33.5,24.4
2024-12-07,29.1,35.3,
2024-12-08,28.9,35.4,23.5
2024-12-09,28.0,34.4,22.5
2024-12-10,27.8,36.4,
2024-12-11,28.5,34.2,24.3
2024-12-12,29.4,34.6,
2024-12-13,28.6,33.3,25.4
2024-12-14,28.7,34.5,24.3
2024-12-15,28.5,35.4,24.0
2024-12-16,29.2,35.5,24.0
2024-12-17,28.8,35.5,24.0
2024-12-18,27.8,36.0,23.0
2024-12-19,28.0,34.6,23.0
2024-12-20,26.3,,20.0
2024-12-21,28.6,35.5,
2024-12-22,27.2,35.5,20.6
2024-12-23,27.6,,20.5
2024-12-24,28.5,35.5,23.0
2024-12-25,28.6,36.4,24.0
2024-12-26,27.6,36.5,
2024-12-27,29.9,36.4,
2024-12-28,28.6,35.5,23.6
2024-12-29,29.1,,24.2
2024-12-30,29.0,36.3,24.5
2024-12-31,28.6,34.5,24.5
